{
  "dataset_info": {
    "total_policies": 679513,
    "total_claims": 26639,
    "claim_rate": 3.92
  },
  "claim_frequency": {
    "0": {
      "count": 643953,
      "percentage": 94.77
    },
    "1": {
      "count": 32178,
      "percentage": 4.74
    },
    "2": {
      "count": 3082,
      "percentage": 0.45
    },
    "3": {
      "count": 206,
      "percentage": 0.03
    },
    "4": {
      "count": 22,
      "percentage": 0.0
    },
    "5": {
      "count": 10,
      "percentage": 0.0
    },
    "6": {
      "count": 6,
      "percentage": 0.0
    },
    "8": {
      "count": 8,
      "percentage": 0.0
    },
    "9": {
      "count": 9,
      "percentage": 0.0
    },
    "11": {
      "count": 23,
      "percentage": 0.0
    },
    "16": {
      "count": 16,
      "percentage": 0.0
    }
  },
  "bonusmalus": {
    "min": 50,
    "max": 230,
    "mean": 59.78,
    "median": 50,
    "std": 15.67,
    "percentiles": {
      "25%": 50,
      "50%": 50,
      "75%": 64,
      "90%": 85,
      "95%": 95
    }
  },
  "correlations": {
    "bonusmalus_claims_pearson": 0.052
  },
  "demographic_patterns": {
    "by_age": {
      "18-25": 0.08250489236790606,
      "26-35": 0.04856018840657282,
      "36-50": 0.055978110005155256,
      "51-65": 0.06203650302638401,
      "65+": 0.0674659319383424
    },
    "by_vehicle_age": {
      "0-1 years": 0.06670638205689616,
      "2-3 years": 0.05143779583572738,
      "4-5 years": 0.05882495663039391,
      "6-10 years": 0.06267657214607095,
      "11-20 years": 0.05394720563259889,
      "20+ years": 0.036299623649386915
    }
  },
  "claim_amounts": {
    "min": 1.0,
    "max": 4075400.56,
    "mean": 2265.5126493722582,
    "median": 1172.0,
    "std": 29371.03111304117,
    "percentiles": {
      "25%": 685.9925,
      "50%": 1172.0,
      "75%": 1212.385,
      "90%": 2767.604,
      "95%": 4765.093499999995
    }
  }
}